﻿{	"__UNIQID": "BABD8D1F78C54BF5B95EADF0793FA8D4",	"__BASEID": "C7AECB8553B44C59A10ECEB19078B6C7",	"dataClasses": [		{			"name": "Contact",			"className": "Contact",			"collectionName": "ContactSelection",			"tableNumber": 1,			"scope": "public",			"dataURI": "/mobileapp/Contact",			"attributes": [				{					"name": "ID",					"kind": "storage",					"fieldPos": 1,					"scope": "public",					"indexed": true,					"type": "long",					"identifying": true				},				{					"name": "FirstName",					"kind": "storage",					"fieldPos": 2,					"scope": "public",					"type": "string"				},				{					"name": "LastName",					"kind": "storage",					"fieldPos": 3,					"scope": "public",					"type": "string"				},				{					"name": "Job",					"kind": "storage",					"fieldPos": 4,					"scope": "public",					"type": "string"				},				{					"name": "Company",					"kind": "storage",					"fieldPos": 5,					"scope": "public",					"type": "string"				},				{					"name": "Email",					"kind": "storage",					"fieldPos": 6,					"scope": "public",					"type": "string"				},				{					"name": "Notes",					"kind": "storage",					"fieldPos": 7,					"scope": "public",					"type": "string"				},				{					"name": "Phone",					"kind": "storage",					"fieldPos": 8,					"scope": "public",					"type": "string"				},				{					"name": "Address",					"kind": "storage",					"fieldPos": 9,					"scope": "public",					"type": "string"				},				{					"name": "Location",					"kind": "storage",					"fieldPos": 10,					"scope": "public",					"type": "string"				},				{					"name": "Photo",					"kind": "storage",					"fieldPos": 11,					"scope": "public",					"type": "image"				},				{					"name": "__GlobalStamp",					"kind": "storage",					"fieldPos": 12,					"scope": "public",					"indexed": true,					"type": "long64"				}			],			"key": [				{					"name": "ID"				}			]		}	]}