﻿{	"__DATACLASS": "Contact",	"__entityModel": "Contact",	"__GlobalStamp": 70,	"__COUNT": 35,	"__FIRST": 0,	"__ENTITIES": [		{			"__KEY": "1",			"__TIMESTAMP": "2018-04-09T15:18:17.058Z",			"__STAMP": 1,			"ID": 1,			"FirstName": "Lisa",			"LastName": "Hart",			"Job": "Musician",			"Company": "Alpha City",			"Email": "lisa.hart@fakemail.com",			"Notes": "",			"Phone": "333-444-4444",			"Address": "1425 High Camp Avenue",			"Photo": {				"__deferred": {					"uri": "/mobileapp/Contact(1)/Photo?$imageformat=best&$version=1&$expand=Photo",					"image": true				}			}		},		{			"__KEY": "2",			"__TIMESTAMP": "2018-04-09T15:19:45.678Z",			"__STAMP": 1,			"ID": 2,			"FirstName": "Joel",			"LastName": "Price",			"Job": "Artist",			"Company": "Klean Corp",			"Email": "joel.price@test.com",			"Notes": "",			"Phone": "555-666-3333",			"Address": "4583 Summer Way",			"Photo": {				"__deferred": {					"uri": "/mobileapp/Contact(2)/Photo?$imageformat=best&$version=1&$expand=Photo",					"image": true				}			}		},		{			"__KEY": "3",			"__TIMESTAMP": "2018-04-09T15:20:36.087Z",			"__STAMP": 1,			"ID": 3,			"FirstName": "Monica",			"LastName": "Hunt",			"Job": "Actor",			"Company": "Foograf",			"Email": "monica.hunt@fakemail.com",			"Notes": "",			"Phone": "888-999-3333",			"Address": "4441 Lincoln Park Avenue",			"Photo": {				"__deferred": {					"uri": "/mobileapp/Contact(3)/Photo?$imageformat=best&$version=1&$expand=Photo",					"image": true				}			}		},		{			"__KEY": "4",			"__TIMESTAMP": "2018-04-09T15:26:07.338Z",			"__STAMP": 1,			"ID": 4,			"FirstName": "Henrik ",			"LastName": "Boyd",			"Job": "Illustrator",			"Company": "Beta XYZ",			"Email": "henrik.boyd@example.com",			"Notes": "",			"Phone": "999-000-3333",			"Address": "6374 Church Avenue",			"Photo": {				"__deferred": {					"uri": "/mobileapp/Contact(4)/Photo?$imageformat=best&$version=1&$expand=Photo",					"image": true				}			}		},		{			"__KEY": "5",			"__TIMESTAMP": "2018-04-09T15:27:00.494Z",			"__STAMP": 1,			"ID": 5,			"FirstName": "Marie",			"LastName": "Peterson",			"Job": "Brand Designer",			"Company": "Koster",			"Email": "marie.peterson@test.com",			"Notes": "",			"Phone": "555-666-4444",			"Address": "9658 Sunburst Way",			"Photo": {				"__deferred": {					"uri": "/mobileapp/Contact(5)/Photo?$imageformat=best&$version=1&$expand=Photo",					"image": true				}			}		},		{			"__KEY": "6",			"__TIMESTAMP": "2018-04-10T06:39:04.626Z",			"__STAMP": 1,			"ID": 6,			"FirstName": "Julie ",			"LastName": "Anderson",			"Job": "Actor",			"Company": "HereNow",			"Email": "julie.anderson@fakemail.com",			"Notes": "",			"Phone": "222-333-6666",			"Address": "9425 Johnson Avenue",			"Photo": {				"__deferred": {					"uri": "/mobileapp/Contact(6)/Photo?$imageformat=best&$version=1&$expand=Photo",					"image": true				}			}		},		{			"__KEY": "7",			"__TIMESTAMP": "2018-06-11T14:30:45.061Z",			"__STAMP": 2,			"ID": 7,			"FirstName": "Gabriel",			"LastName": "Coleman",			"Job": "Content Strategist",			"Company": "Beta XYZ",			"Email": "gabriel.coleman@test.com",			"Notes": "",			"Phone": "666-777-1111",			"Address": "1214 Mountain Boulevard",			"Photo": {				"__deferred": {					"uri": "/mobileapp/Contact(7)/Photo?$imageformat=best&$version=2&$expand=Photo",					"image": true				}			}		},		{			"__KEY": "8",			"__TIMESTAMP": "2018-04-10T06:40:24.337Z",			"__STAMP": 1,			"ID": 8,			"FirstName": "Julie ",			"LastName": "Williams",			"Job": "Designer",			"Company": "VeenDool",			"Email": "julie.williams@example.com",			"Notes": "",			"Phone": "111-222-2222",			"Address": "1263 Lewis Lane",			"Photo": {				"__deferred": {					"uri": "/mobileapp/Contact(8)/Photo?$imageformat=best&$version=1&$expand=Photo",					"image": true				}			}		},		{			"__KEY": "9",			"__TIMESTAMP": "2018-04-10T06:41:54.428Z",			"__STAMP": 1,			"ID": 9,			"FirstName": "Benjamin",			"LastName": "Davis",			"Job": "Graphic Designer",			"Company": "SW&Z",			"Email": "benjamin.davis@fakemail.com",			"Notes": "666-777-5555",			"Phone": "666-777-5555",			"Address": "7412 Tiger Street",			"Photo": {				"__deferred": {					"uri": "/mobileapp/Contact(9)/Photo?$imageformat=best&$version=1&$expand=Photo",					"image": true				}			}		},		{			"__KEY": "10",			"__TIMESTAMP": "2018-06-11T14:31:14.213Z",			"__STAMP": 2,			"ID": 10,			"FirstName": "Katie",			"LastName": "Jones",			"Job": "Web Developer",			"Company": "Kapprika",			"Email": "katie.jones@example.com",			"Notes": "",			"Phone": "999-000-1111",			"Address": "3644 Green Street",			"Photo": {				"__deferred": {					"uri": "/mobileapp/Contact(10)/Photo?$imageformat=best&$version=2&$expand=Photo",					"image": true				}			}		},		{			"__KEY": "11",			"__TIMESTAMP": "2018-04-10T06:43:33.946Z",			"__STAMP": 1,			"ID": 11,			"FirstName": "Harry",			"LastName": "Wilson",			"Job": "Digital Marketing Specialist",			"Company": "Zorneo",			"Email": "harry.wilson@example.com",			"Notes": "",			"Phone": "777-888-6666",			"Address": "1036 Lion Avenue",			"Photo": {				"__deferred": {					"uri": "/mobileapp/Contact(11)/Photo?$imageformat=best&$version=1&$expand=Photo",					"image": true				}			}		},		{			"__KEY": "12",			"__TIMESTAMP": "2018-04-10T06:44:21.412Z",			"__STAMP": 1,			"ID": 12,			"FirstName": "Diana",			"LastName": "Collins",			"Job": "Musician",			"Company": "Voss",			"Email": "diana.collins@fakemail.com",			"Notes": "",			"Phone": "111-222-5555",			"Address": "1321 Second Way",			"Photo": {				"__deferred": {					"uri": "/mobileapp/Contact(12)/Photo?$imageformat=best&$version=1&$expand=Photo",					"image": true				}			}		},		{			"__KEY": "13",			"__TIMESTAMP": "2018-04-10T06:45:10.900Z",			"__STAMP": 1,			"ID": 13,			"FirstName": "Kevin",			"LastName": "Jackson",			"Job": "Software Engineer",			"Company": "Jammm",			"Email": "kevin.jackson@fakemail.com",			"Notes": "",			"Phone": "999-000-8888",			"Address": "3187 Hacker Street",			"Photo": {				"__deferred": {					"uri": "/mobileapp/Contact(13)/Photo?$imageformat=best&$version=1&$expand=Photo",					"image": true				}			}		},		{			"__KEY": "14",			"__TIMESTAMP": "2018-04-10T06:45:50.501Z",			"__STAMP": 1,			"ID": 14,			"FirstName": "Julie",			"LastName": "Long",			"Job": "Visual Designer",			"Company": "SW&Z",			"Email": "julie.long@fakemail.com",			"Notes": "",			"Phone": "888-999-6666",			"Address": "4125 Rainbow Boulevard",			"Photo": {				"__deferred": {					"uri": "/mobileapp/Contact(14)/Photo?$imageformat=best&$version=1&$expand=Photo",					"image": true				}			}		},		{			"__KEY": "15",			"__TIMESTAMP": "2018-04-10T06:46:30.823Z",			"__STAMP": 1,			"ID": 15,			"FirstName": "Paul",			"LastName": "Harrison",			"Job": "IT Programmer",			"Company": "UpHere",			"Email": "paul.harrison@fakemail.com",			"Notes": "",			"Phone": "666-777-2222",			"Address": "1228 Awesome Street",			"Photo": {				"__deferred": {					"uri": "/mobileapp/Contact(15)/Photo?$imageformat=best&$version=1&$expand=Photo",					"image": true				}			}		},		{			"__KEY": "16",			"__TIMESTAMP": "2018-04-10T06:47:29.198Z",			"__STAMP": 1,			"ID": 16,			"FirstName": "Sophie",			"LastName": "Adams",			"Job": "UX Designer",			"Company": "AAA Desk",			"Email": "sophie.adams@test.com",			"Notes": "",			"Phone": "444-555-2222",			"Address": "4755 King Street",			"Photo": {				"__deferred": {					"uri": "/mobileapp/Contact(16)/Photo?$imageformat=best&$version=1&$expand=Photo",					"image": true				}			}		},		{			"__KEY": "17",			"__TIMESTAMP": "2018-04-10T06:48:09.587Z",			"__STAMP": 1,			"ID": 17,			"FirstName": "Michael",			"LastName": "Powell",			"Job": "iOS Developer",			"Company": "SolSol",			"Email": "michael.powell@example.com",			"Notes": "",			"Phone": "555-666-4444",			"Address": "6374 Church Avenue",			"Photo": {				"__deferred": {					"uri": "/mobileapp/Contact(17)/Photo?$imageformat=best&$version=1&$expand=Photo",					"image": true				}			}		},		{			"__KEY": "18",			"__TIMESTAMP": "2018-06-11T14:38:47.876Z",			"__STAMP": 2,			"ID": 18,			"FirstName": "Janet",			"LastName": "Vaughn",			"Job": "Actor",			"Company": "LevaPost",			"Email": "janet.vaughn@example.com",			"Notes": "",			"Phone": "111-222-5555",			"Address": "6374 Church Avenue",			"Photo": {				"__deferred": {					"uri": "/mobileapp/Contact(18)/Photo?$imageformat=best&$version=2&$expand=Photo",					"image": true				}			}		},		{			"__KEY": "19",			"__TIMESTAMP": "2021-01-19T15:18:47.333Z",			"__STAMP": 47,			"ID": 19,			"FirstName": "David for ios",			"LastName": "Miller",			"Job": "Back End Developer",			"Company": "ZUZU Communications",			"Email": "david.miller@test.com",			"Notes": "",			"Phone": "666-777-7777",			"Address": "2596 Riverwood Avenue",			"Photo": {				"__deferred": {					"uri": "/mobileapp/Contact(19)/Photo?$imageformat=best&$version=47&$expand=Photo",					"image": true				}			}		},		{			"__KEY": "20",			"__TIMESTAMP": "2018-04-10T06:50:17.992Z",			"__STAMP": 1,			"ID": 20,			"FirstName": "Megan",			"LastName": "Hunter",			"Job": "Creative Director",			"Company": "LoudSound",			"Email": "megan.hunter@test.com",			"Notes": "",			"Phone": "888-999-5555",			"Address": "1256 Park Camp Avenue",			"Photo": {				"__deferred": {					"uri": "/mobileapp/Contact(20)/Photo?$imageformat=best&$version=1&$expand=Photo",					"image": true				}			}		},		{			"__KEY": "26",			"__TIMESTAMP": "2021-01-18T13:07:28.162Z",			"__STAMP": 6,			"ID": 26,			"FirstName": "Test firstName",			"LastName": "Test lastName",			"Job": "",			"Company": "",			"Email": "",			"Notes": "",			"Phone": "",			"Address": ""		},		{			"__KEY": "22",			"__TIMESTAMP": "2018-06-11T14:33:04.515Z",			"__STAMP": 2,			"ID": 22,			"FirstName": "Bobby",			"LastName": "Bailey",			"Job": "Physical Therapist",			"Company": "What Design",			"Email": "bobby.bailey@example.com",			"Notes": "",			"Phone": "333-444-9999",			"Address": "4539 John Dow Drive",			"Photo": {				"__deferred": {					"uri": "/mobileapp/Contact(22)/Photo?$imageformat=best&$version=2&$expand=Photo",					"image": true				}			}		},		{			"__KEY": "23",			"__TIMESTAMP": "2018-04-10T06:52:17.215Z",			"__STAMP": 1,			"ID": 23,			"FirstName": "Lindsey",			"LastName": "Lawson",			"Job": "Chef",			"Company": "Big Camera",			"Email": "lindsey.lawson@fakemail.com",			"Notes": "",			"Phone": "444-555-8888",			"Address": "0007 Bond Avenue",			"Photo": {				"__deferred": {					"uri": "/mobileapp/Contact(23)/Photo?$imageformat=best&$version=1&$expand=Photo",					"image": true				}			}		},		{			"__KEY": "24",			"__TIMESTAMP": "2018-04-10T06:53:07.019Z",			"__STAMP": 1,			"ID": 24,			"FirstName": "Tom",			"LastName": "Powell",			"Job": "iOS Developer",			"Company": "BlueSky",			"Email": "tom.powell@test.com",			"Notes": "",			"Phone": "777-888-1111",			"Address": "7445 Stadium Road",			"Photo": {				"__deferred": {					"uri": "/mobileapp/Contact(24)/Photo?$imageformat=best&$version=1&$expand=Photo",					"image": true				}			}		},		{			"__KEY": "27",			"__TIMESTAMP": "2021-01-18T13:07:47.625Z",			"__STAMP": 1,			"ID": 27,			"FirstName": "Test firstName",			"LastName": "Test lastName",			"Job": "",			"Company": "",			"Email": "",			"Notes": "",			"Phone": "",			"Address": ""		},		{			"__KEY": "28",			"__TIMESTAMP": "2021-01-18T15:14:43.538Z",			"__STAMP": 1,			"ID": 28,			"FirstName": "Test firstName",			"LastName": "Test lastName",			"Job": "",			"Company": "",			"Email": "",			"Notes": "",			"Phone": "",			"Address": ""		},		{			"__KEY": "29",			"__TIMESTAMP": "2021-01-18T15:16:33.467Z",			"__STAMP": 1,			"ID": 29,			"FirstName": "Test firstName",			"LastName": "Test lastName",			"Job": "",			"Company": "",			"Email": "",			"Notes": "",			"Phone": "",			"Address": ""		},		{			"__KEY": "30",			"__TIMESTAMP": "2021-01-18T15:18:01.509Z",			"__STAMP": 1,			"ID": 30,			"FirstName": "Test firstName",			"LastName": "Test lastName",			"Job": "",			"Company": "",			"Email": "",			"Notes": "",			"Phone": "",			"Address": ""		},		{			"__KEY": "31",			"__TIMESTAMP": "2021-01-18T15:18:24.375Z",			"__STAMP": 1,			"ID": 31,			"FirstName": "Test firstName",			"LastName": "Test lastName",			"Job": "",			"Company": "",			"Email": "",			"Notes": "",			"Phone": "",			"Address": ""		},		{			"__KEY": "32",			"__TIMESTAMP": "2021-01-18T15:18:48.336Z",			"__STAMP": 1,			"ID": 32,			"FirstName": "Test firstName",			"LastName": "Test lastName",			"Job": "",			"Company": "",			"Email": "",			"Notes": "",			"Phone": "",			"Address": ""		},		{			"__KEY": "33",			"__TIMESTAMP": "2021-01-18T15:19:14.040Z",			"__STAMP": 1,			"ID": 33,			"FirstName": "Test firstName",			"LastName": "Test lastName",			"Job": "",			"Company": "",			"Email": "",			"Notes": "",			"Phone": "",			"Address": ""		},		{			"__KEY": "34",			"__TIMESTAMP": "2021-01-18T15:19:38.935Z",			"__STAMP": 1,			"ID": 34,			"FirstName": "Test firstName",			"LastName": "Test lastName",			"Job": "",			"Company": "",			"Email": "",			"Notes": "",			"Phone": "",			"Address": ""		},		{			"__KEY": "35",			"__TIMESTAMP": "2021-01-18T15:20:27.059Z",			"__STAMP": 1,			"ID": 35,			"FirstName": "Test firstName",			"LastName": "Test lastName",			"Job": "",			"Company": "",			"Email": "",			"Notes": "",			"Phone": "",			"Address": ""		},		{			"__KEY": "36",			"__TIMESTAMP": "2021-01-19T15:17:02.398Z",			"__STAMP": 1,			"ID": 36,			"FirstName": "Test firstName",			"LastName": "Test lastName",			"Job": "",			"Company": "",			"Email": "",			"Notes": "",			"Phone": "",			"Address": ""		},		{			"__KEY": "37",			"__TIMESTAMP": "2021-01-19T15:17:27.139Z",			"__STAMP": 1,			"ID": 37,			"FirstName": "Test firstName",			"LastName": "Test lastName",			"Job": "",			"Company": "",			"Email": "",			"Notes": "",			"Phone": "",			"Address": ""		}	],	"__SENT": 35}