﻿{	"structure": {		"definition": [			{				"name": "Contact",				"primaryKey": "ID",				"tableNumber": 1,				"field": [					{						"name": "ID",						"kind": "storage",						"type": 4,						"indexed": true,						"keywordIndexed": false,						"autoFilled": true,						"mandatory": true,						"unique": true,						"fieldNumber": 1,						"fieldType": 9,						"id": 1,						"valueType": "number"					},					{						"name": "FirstName",						"kind": "storage",						"type": 10,						"indexed": false,						"keywordIndexed": false,						"autoFilled": false,						"mandatory": false,						"unique": false,						"fieldNumber": 2,						"fieldType": 0,						"id": 2,						"valueType": "string"					},					{						"name": "LastName",						"kind": "storage",						"type": 10,						"indexed": false,						"keywordIndexed": false,						"autoFilled": false,						"mandatory": false,						"unique": false,						"fieldNumber": 3,						"fieldType": 0,						"id": 3,						"valueType": "string"					},					{						"name": "Job",						"kind": "storage",						"type": 10,						"indexed": false,						"keywordIndexed": false,						"autoFilled": false,						"mandatory": false,						"unique": false,						"fieldNumber": 4,						"fieldType": 0,						"id": 4,						"valueType": "string"					},					{						"name": "Company",						"kind": "storage",						"type": 10,						"indexed": false,						"keywordIndexed": false,						"autoFilled": false,						"mandatory": false,						"unique": false,						"fieldNumber": 5,						"fieldType": 0,						"id": 5,						"valueType": "string"					},					{						"name": "Email",						"kind": "storage",						"type": 10,						"indexed": false,						"keywordIndexed": false,						"autoFilled": false,						"mandatory": false,						"unique": false,						"fieldNumber": 6,						"fieldType": 0,						"id": 6,						"valueType": "string"					},					{						"name": "Notes",						"kind": "storage",						"type": 10,						"indexed": false,						"keywordIndexed": false,						"autoFilled": false,						"mandatory": false,						"unique": false,						"fieldNumber": 7,						"fieldType": 0,						"id": 7,						"valueType": "string"					},					{						"name": "Phone",						"kind": "storage",						"type": 10,						"indexed": false,						"keywordIndexed": false,						"autoFilled": false,						"mandatory": false,						"unique": false,						"fieldNumber": 8,						"fieldType": 0,						"id": 8,						"valueType": "string"					},					{						"name": "Address",						"kind": "storage",						"type": 10,						"indexed": false,						"keywordIndexed": false,						"autoFilled": false,						"mandatory": false,						"unique": false,						"fieldNumber": 9,						"fieldType": 0,						"id": 9,						"valueType": "string"					},					{						"name": "Location",						"kind": "storage",						"type": 10,						"indexed": false,						"keywordIndexed": false,						"autoFilled": false,						"mandatory": false,						"unique": false,						"fieldNumber": 10,						"fieldType": 0,						"id": 10,						"valueType": "string"					},					{						"name": "Photo",						"kind": "storage",						"type": 12,						"indexed": false,						"keywordIndexed": false,						"autoFilled": false,						"mandatory": false,						"unique": false,						"fieldNumber": 11,						"fieldType": 3,						"id": 11,						"valueType": "image"					}				]			},			{				"name": "User",				"primaryKey": "ID",				"tableNumber": 4,				"field": [					{						"name": "ID",						"kind": "storage",						"type": 4,						"indexed": true,						"keywordIndexed": false,						"autoFilled": true,						"mandatory": true,						"unique": true,						"fieldNumber": 1,						"fieldType": 9,						"id": 1,						"valueType": "number"					},					{						"name": "login",						"kind": "storage",						"type": 10,						"indexed": false,						"keywordIndexed": false,						"autoFilled": false,						"mandatory": false,						"unique": false,						"fieldNumber": 2,						"fieldType": 0,						"id": 2,						"valueType": "string"					},					{						"name": "password",						"kind": "storage",						"type": 10,						"indexed": false,						"keywordIndexed": false,						"autoFilled": false,						"mandatory": false,						"unique": false,						"fieldNumber": 3,						"fieldType": 0,						"id": 3,						"valueType": "string"					}				]			}		],		"digest": "4e37185b4b394fd4542769c4bfe334ec134d4a39"	}}