﻿{
	"bars": [
		{
			"id": 1,
			"name": "Menu Bar #1",
			"items": [
				{
					"link": 32001
				},
				{
					"link": 32002
				},
				{
					"link": 32003
				}
			]
		}
	],
	"menus": [
		{
			"link": 32001,
			"title": ":xliff:CommonMenuFile",
			"items": [
				{
					"title": ":xliff:CommonMenuItemQuit",
					"shortcutAccel": true,
					"shortcutKey": "Q",
					"action": "quit"
				}
			]
		},
		{
			"link": 32002,
			"title": ":xliff:CommonMenuEdit",
			"items": [
				{
					"title": ":xliff:CommonMenuItemUndo",
					"shortcutAccel": true,
					"shortcutKey": "Z",
					"action": "undo"
				},
				{
					"title": "(-",
					"isSeparator": true
				},
				{
					"title": ":xliff:CommonMenuItemCut",
					"shortcutAccel": true,
					"shortcutKey": "X",
					"action": "cut"
				},
				{
					"title": ":xliff:CommonMenuItemCopy",
					"shortcutAccel": true,
					"shortcutKey": "C",
					"action": "copy"
				},
				{
					"title": ":xliff:CommonMenuItemPaste",
					"shortcutAccel": true,
					"shortcutKey": "V",
					"action": "paste"
				},
				{
					"title": ":xliff:CommonMenuItemClear",
					"action": "clear"
				},
				{
					"title": ":xliff:CommonMenuItemSelectAll",
					"shortcutAccel": true,
					"shortcutKey": "A",
					"action": "selectAll"
				},
				{
					"title": "(-",
					"isSeparator": true
				},
				{
					"title": ":xliff:CommonMenuItemShowClipboard",
					"action": "showClipboard"
				}
			]
		},
		{
			"link": 32003,
			"title": ":xliff:CommonMenuMode",
			"items": [
				{
					"title": ":xliff:CommonMenuItemDesign",
					"action": "design"
				}
			]
		}
	]
}